{
    "cam0": "/home/lindell/workspace/surround/surround360_render/res/config/isp/isp0.json", 
    "cam1": "/home/lindell/workspace/surround/surround360_render/res/config/isp/isp1.json", 
    "cam10": "/home/lindell/workspace/surround/surround360_render/res/config/isp/isp10.json", 
    "cam11": "/home/lindell/workspace/surround/surround360_render/res/config/isp/isp11.json", 
    "cam12": "/home/lindell/workspace/surround/surround360_render/res/config/isp/isp12.json", 
    "cam13": "/home/lindell/workspace/surround/surround360_render/res/config/isp/isp13.json", 
    "cam14": "/home/lindell/workspace/surround/surround360_render/res/config/isp/isp14.json", 
    "cam15": "/home/lindell/workspace/surround/surround360_render/res/config/isp/isp15.json", 
    "cam16": "/home/lindell/workspace/surround/surround360_render/res/config/isp/isp16.json", 
    "cam2": "/home/lindell/workspace/surround/surround360_render/res/config/isp/isp2.json", 
    "cam3": "/home/lindell/workspace/surround/surround360_render/res/config/isp/isp3.json", 
    "cam4": "/home/lindell/workspace/surround/surround360_render/res/config/isp/isp4.json", 
    "cam5": "/home/lindell/workspace/surround/surround360_render/res/config/isp/isp5.json", 
    "cam6": "/home/lindell/workspace/surround/surround360_render/res/config/isp/isp6.json", 
    "cam7": "/home/lindell/workspace/surround/surround360_render/res/config/isp/isp7.json", 
    "cam8": "/home/lindell/workspace/surround/surround360_render/res/config/isp/isp8.json", 
    "cam9": "/home/lindell/workspace/surround/surround360_render/res/config/isp/isp9.json"
}