{
    "CameraIsp" : {
        "serial" : 0,
        "name" : "PointGrey Grasshopper",
        "bitsPerPixel" : 16,
        "compandingLut" :  [[0.0,  0.0, 0.0],
                            [0.6,  0.6, 0.0],
                            [0.7,  0.7, 0.0],
                            [1.0,  1.0, 0.0]],
        "blackLevel" : [0.0, 0.0, 0.0],
        "vignetteRollOffH" : [[1.1, 1.1, 1.1],
                              [1.0, 1.0, 1.0],
                              [1.0, 1.0, 1.0],
                              [1.0, 1.0, 1.0],
                              [1.1, 1.1, 1.1]],
        "vignetteRollOffV" : [[1.1, 1.1, 1.1],
                              [1.0, 1.0, 1.0],
                              [1.0, 1.0, 1.0],
                              [1.0, 1.0, 1.0],
                              [1.1, 1.1, 1.1]],
        "bayerPattern" : "GBRG"
    }
}

