{
  "cameras" : [
    {
      "group" : "side camera",
      "id" : "cam1",
      "origin" : [
        21.799999237060547,
        2.4202861089795465E-15,
        -7.26085832693864E-15
      ],
      "principal" : [
        1024,
        1024
      ],
      "right" : [
        3.3306690738754696E-16,
        -1,
        1.1102230246251565E-16
      ],
      "up" : [
        1.1102230246251565E-16,
        3.3306690738754696E-16,
        1
      ],
      "forward" : [
        1,
        1.1102230246251565E-16,
        -3.3306690738754696E-16
      ],
      "focal" : [
        1269.580673376528,
        -1269.580673376528
      ],
      "resolution" : [
        2048,
        2048
      ],
      "type" : "RECTILINEAR",
      "distortion" : [
        0,
        0
      ],
      "version" : 1
    },
    {
      "group" : "side camera",
      "id" : "cam2",
      "origin" : [
        19.641120632888043,
        -9.458665181735736,
        -0
      ],
      "principal" : [
        1024,
        1024
      ],
      "right" : [
        -0.4338837391175579,
        -0.9009688679024191,
        2.220446049250313E-16
      ],
      "up" : [
        2.220446049250313E-16,
        0,
        0.9999999999999999
      ],
      "forward" : [
        0.9009688679024191,
        -0.43388373911755773,
        -0
      ],
      "focal" : [
        1269.580673376528,
        -1269.580673376528
      ],
      "resolution" : [
        2048,
        2048
      ],
      "type" : "RECTILINEAR",
      "distortion" : [
        0,
        0
      ],
      "version" : 1
    },
    {
      "group" : "side camera",
      "id" : "cam3",
      "origin" : [
        13.592077204835428,
        -17.04392572131296,
        -2.4202861089795465E-15
      ],
      "principal" : [
        1024,
        1024
      ],
      "right" : [
        -0.7818314824680296,
        -0.6234898018587338,
        1.1102230246251565E-16
      ],
      "up" : [
        2.220446049250313E-16,
        -1.1102230246251565E-16,
        1
      ],
      "forward" : [
        0.6234898018587338,
        -0.7818314824680295,
        -1.1102230246251565E-16
      ],
      "focal" : [
        1269.580673376528,
        -1269.580673376528
      ],
      "resolution" : [
        2048,
        2048
      ],
      "type" : "RECTILINEAR",
      "distortion" : [
        0,
        0
      ],
      "version" : 1
    },
    {
      "group" : "side camera",
      "id" : "cam4",
      "origin" : [
        4.850956190477659,
        -21.253427741752784,
        -0
      ],
      "principal" : [
        1024,
        1024
      ],
      "right" : [
        -0.9749279121818235,
        -0.22252093395631461,
        2.3592239273284576E-16
      ],
      "up" : [
        2.3592239273284576E-16,
        0,
        1
      ],
      "forward" : [
        0.22252093395631461,
        -0.9749279121818235,
        -0
      ],
      "focal" : [
        1269.580673376528,
        -1269.580673376528
      ],
      "resolution" : [
        2048,
        2048
      ],
      "type" : "RECTILINEAR",
      "distortion" : [
        0,
        0
      ],
      "version" : 1
    },
    {
      "group" : "side camera",
      "id" : "cam5",
      "origin" : [
        -4.850956190477649,
        -21.253427741752787,
        2.4202861089795465E-15
      ],
      "principal" : [
        1024,
        1024
      ],
      "right" : [
        -0.9749279121818237,
        0.22252093395631414,
        1.6653345369377348E-16
      ],
      "up" : [
        1.6653345369377348E-16,
        -1.1102230246251565E-16,
        0.9999999999999999
      ],
      "forward" : [
        -0.22252093395631414,
        -0.9749279121818236,
        1.1102230246251565E-16
      ],
      "focal" : [
        1269.580673376528,
        -1269.580673376528
      ],
      "resolution" : [
        2048,
        2048
      ],
      "type" : "RECTILINEAR",
      "distortion" : [
        0,
        0
      ],
      "version" : 1
    },
    {
      "group" : "side camera",
      "id" : "cam6",
      "origin" : [
        -13.59207720483542,
        -17.04392572131297,
        -2.4202861089795465E-15
      ],
      "principal" : [
        1024,
        1024
      ],
      "right" : [
        -0.7818314824680299,
        0.6234898018587334,
        5.551115123125783E-17
      ],
      "up" : [
        5.551115123125783E-17,
        1.1102230246251565E-16,
        1
      ],
      "forward" : [
        -0.6234898018587334,
        -0.78183148246803,
        -1.1102230246251565E-16
      ],
      "focal" : [
        1269.580673376528,
        -1269.580673376528
      ],
      "resolution" : [
        2048,
        2048
      ],
      "type" : "RECTILINEAR",
      "distortion" : [
        0,
        0
      ],
      "version" : 1
    },
    {
      "group" : "side camera",
      "id" : "cam7",
      "origin" : [
        -19.64112063288804,
        -9.458665181735737,
        4.840572217959093E-15
      ],
      "principal" : [
        1024,
        1024
      ],
      "right" : [
        -0.4338837391175582,
        0.900968867902419,
        -1.1102230246251565E-16
      ],
      "up" : [
        -1.1102230246251565E-16,
        -2.220446049250313E-16,
        0.9999999999999998
      ],
      "forward" : [
        -0.900968867902419,
        -0.43388373911755784,
        2.220446049250313E-16
      ],
      "focal" : [
        1269.580673376528,
        -1269.580673376528
      ],
      "resolution" : [
        2048,
        2048
      ],
      "type" : "RECTILINEAR",
      "distortion" : [
        0,
        0
      ],
      "version" : 1
    },
    {
      "group" : "side camera",
      "id" : "cam8",
      "origin" : [
        -21.799999237060547,
        4.840572217959093E-15,
        -7.26085832693864E-15
      ],
      "principal" : [
        1024,
        1024
      ],
      "right" : [
        1.6653345369377348E-16,
        1,
        -2.220446049250313E-16
      ],
      "up" : [
        -2.7755575615628914E-16,
        1.6653345369377348E-16,
        1
      ],
      "forward" : [
        -1,
        2.220446049250313E-16,
        -3.3306690738754696E-16
      ],
      "focal" : [
        1269.580673376528,
        -1269.580673376528
      ],
      "resolution" : [
        2048,
        2048
      ],
      "type" : "RECTILINEAR",
      "distortion" : [
        0,
        0
      ],
      "version" : 1
    },
    {
      "group" : "side camera",
      "id" : "cam9",
      "origin" : [
        -19.641120632888043,
        9.458665181735743,
        -2.4202861089795465E-15
      ],
      "principal" : [
        1024,
        1024
      ],
      "right" : [
        0.4338837391175581,
        0.9009688679024191,
        0
      ],
      "up" : [
        0,
        1.1102230246251565E-16,
        1
      ],
      "forward" : [
        -0.9009688679024191,
        0.433883739117558,
        -1.1102230246251565E-16
      ],
      "focal" : [
        1269.580673376528,
        -1269.580673376528
      ],
      "resolution" : [
        2048,
        2048
      ],
      "type" : "RECTILINEAR",
      "distortion" : [
        0,
        0
      ],
      "version" : 1
    },
    {
      "group" : "side camera",
      "id" : "cam10",
      "origin" : [
        -13.592077204835428,
        17.043925721312963,
        4.2355006907142064E-15
      ],
      "principal" : [
        1024,
        1024
      ],
      "right" : [
        0.7818314824680296,
        0.6234898018587338,
        5.551115123125783E-17
      ],
      "up" : [
        5.551115123125783E-17,
        -1.942890293094024E-16,
        1
      ],
      "forward" : [
        -0.6234898018587338,
        0.7818314824680297,
        1.942890293094024E-16
      ],
      "focal" : [
        1269.580673376528,
        -1269.580673376528
      ],
      "resolution" : [
        2048,
        2048
      ],
      "type" : "RECTILINEAR",
      "distortion" : [
        0,
        0
      ],
      "version" : 1
    },
    {
      "group" : "side camera",
      "id" : "cam11",
      "origin" : [
        -4.850956190477658,
        21.253427741752784,
        -7.563394090561083E-17
      ],
      "principal" : [
        1024,
        1024
      ],
      "right" : [
        0.9749279121818235,
        0.22252093395631456,
        0
      ],
      "up" : [
        0,
        3.469446951953614E-18,
        1
      ],
      "forward" : [
        -0.22252093395631456,
        0.9749279121818235,
        -3.469446951953614E-18
      ],
      "focal" : [
        1269.580673376528,
        -1269.580673376528
      ],
      "resolution" : [
        2048,
        2048
      ],
      "type" : "RECTILINEAR",
      "distortion" : [
        0,
        0
      ],
      "version" : 1
    },
    {
      "group" : "side camera",
      "id" : "cam12",
      "origin" : [
        4.850956190477631,
        21.253427741752798,
        -1.8908485226402707E-15
      ],
      "principal" : [
        1024,
        1024
      ],
      "right" : [
        0.9749279121818242,
        -0.22252093395631334,
        -1.3877787807814457E-17
      ],
      "up" : [
        -1.3877787807814457E-17,
        8.673617379884035E-17,
        1.0000000000000002
      ],
      "forward" : [
        0.22252093395631334,
        0.9749279121818241,
        -8.673617379884035E-17
      ],
      "focal" : [
        1269.580673376528,
        -1269.580673376528
      ],
      "resolution" : [
        2048,
        2048
      ],
      "type" : "RECTILINEAR",
      "distortion" : [
        0,
        0
      ],
      "version" : 1
    },
    {
      "group" : "side camera",
      "id" : "cam13",
      "origin" : [
        13.59207720483542,
        17.04392572131297,
        -1.5126788181122166E-15
      ],
      "principal" : [
        1024,
        1024
      ],
      "right" : [
        0.7818314824680302,
        -0.6234898018587334,
        -5.551115123125783E-17
      ],
      "up" : [
        -5.551115123125783E-17,
        6.938893903907228E-17,
        1
      ],
      "forward" : [
        0.6234898018587334,
        0.78183148246803,
        -6.938893903907228E-17
      ],
      "focal" : [
        1269.580673376528,
        -1269.580673376528
      ],
      "resolution" : [
        2048,
        2048
      ],
      "type" : "RECTILINEAR",
      "distortion" : [
        0,
        0
      ],
      "version" : 1
    },
    {
      "group" : "side camera",
      "id" : "cam14",
      "origin" : [
        19.641120632888047,
        9.45866518173573,
        -1.2101430544897733E-15
      ],
      "principal" : [
        1024,
        1024
      ],
      "right" : [
        0.43388373911755757,
        -0.9009688679024194,
        0
      ],
      "up" : [
        0,
        5.551115123125783E-17,
        0.9999999999999999
      ],
      "forward" : [
        0.9009688679024194,
        0.4338837391175575,
        -5.551115123125783E-17
      ],
      "focal" : [
        1269.580673376528,
        -1269.580673376528
      ],
      "resolution" : [
        2048,
        2048
      ],
      "type" : "RECTILINEAR",
      "distortion" : [
        0,
        0
      ],
      "version" : 1
    },
    {
      "group" : "",
      "id" : "cam0",
      "origin" : [
        0,
        0,
        13.1
      ],
      "principal" : [
        1024,
        1024
      ],
      "right" : [
        -1,
        0,
        0
      ],
      "up" : [
        0,
        1,
        0
      ],
      "forward" : [
        0,
        0,
        1
      ],
      "focal" : [
        483.76220324,
        -483.76220324
      ],
      "resolution" : [
        2048,
        2048
      ],
      "type" : "FTHETA",
      "distortion" : [
        0,
        0
      ],
      "fov" : 1.61443,
      "version" : 1
    },
    {
      "group" : "",
      "id" : "cam15",
      "origin" : [
        -0,
        -0,
        -13.1
      ],
      "principal" : [
        1024,
        1024
      ],
      "right" : [
        1,
        0,
        0
      ],
      "up" : [
        0,
        1,
        0
      ],
      "forward" : [
        0,
        0,
        -1
      ],
      "focal" : [
        483.76220324,
        -483.76220324
      ],
      "resolution" : [
        2048,
        2048
      ],
      "type" : "FTHETA",
      "distortion" : [
        0,
        0
      ],
      "fov" : 1.61443,
      "version" : 1
    },
    {
      "group" : "",
      "id" : "cam16",
      "origin" : [
        -10,
        -0,
        -13.1
      ],
      "principal" : [
        1024,
        1024
      ],
      "right" : [
        -1,
        0,
        0
      ],
      "up" : [
        0,
        -1,
        0
      ],
      "forward" : [
        0,
        0,
        -1
      ],
      "focal" : [
        483.76220324,
        -483.76220324
      ],
      "resolution" : [
        2048,
        2048
      ],
      "type" : "FTHETA",
      "distortion" : [
        0,
        0
      ],
      "fov" : 1.61443,
      "version" : 1
    }
  ]
}
